symbol,name,source,source_date
MMM,3M,Wikipedia: List of S&P 500 companies,2026-04-22
AOS,A. O. Smith,Wikipedia: List of S&P 500 companies,2026-04-22
ABT,Abbott Laboratories,Wikipedia: List of S&P 500 companies,2026-04-22
ABBV,AbbVie,Wikipedia: List of S&P 500 companies,2026-04-22
ACN,Accenture,Wikipedia: List of S&P 500 companies,2026-04-22
ADBE,Adobe Inc.,Wikipedia: List of S&P 500 companies,2026-04-22
AMD,Advanced Micro Devices,Wikipedia: List of S&P 500 companies,2026-04-22
AES,AES Corporation,Wikipedia: List of S&P 500 companies,2026-04-22
AFL,Aflac,Wikipedia: List of S&P 500 companies,2026-04-22
A,Agilent Technologies,Wikipedia: List of S&P 500 companies,2026-04-22
APD,Air Products,Wikipedia: List of S&P 500 companies,2026-04-22
ABNB,Airbnb,Wikipedia: List of S&P 500 companies,2026-04-22
AKAM,Akamai Technologies,Wikipedia: List of S&P 500 companies,2026-04-22
ALB,Albemarle Corporation,Wikipedia: List of S&P 500 companies,2026-04-22
ARE,Alexandria Real Estate Equities,Wikipedia: List of S&P 500 companies,2026-04-22
ALGN,Align Technology,Wikipedia: List of S&P 500 companies,2026-04-22
ALLE,Allegion,Wikipedia: List of S&P 500 companies,2026-04-22
LNT,Alliant Energy,Wikipedia: List of S&P 500 companies,2026-04-22
ALL,Allstate,Wikipedia: List of S&P 500 companies,2026-04-22
GOOGL,Alphabet Inc. (Class A),Wikipedia: List of S&P 500 companies,2026-04-22
GOOG,Alphabet Inc. (Class C),Wikipedia: List of S&P 500 companies,2026-04-22
MO,Altria,Wikipedia: List of S&P 500 companies,2026-04-22
AMZN,Amazon,Wikipedia: List of S&P 500 companies,2026-04-22
AMCR,Amcor,Wikipedia: List of S&P 500 companies,2026-04-22
AEE,Ameren,Wikipedia: List of S&P 500 companies,2026-04-22
AEP,American Electric Power,Wikipedia: List of S&P 500 companies,2026-04-22
AXP,American Express,Wikipedia: List of S&P 500 companies,2026-04-22
AIG,American International Group,Wikipedia: List of S&P 500 companies,2026-04-22
AMT,American Tower,Wikipedia: List of S&P 500 companies,2026-04-22
AWK,American Water Works,Wikipedia: List of S&P 500 companies,2026-04-22
AMP,Ameriprise Financial,Wikipedia: List of S&P 500 companies,2026-04-22
AME,Ametek,Wikipedia: List of S&P 500 companies,2026-04-22
AMGN,Amgen,Wikipedia: List of S&P 500 companies,2026-04-22
APH,Amphenol,Wikipedia: List of S&P 500 companies,2026-04-22
ADI,Analog Devices,Wikipedia: List of S&P 500 companies,2026-04-22
AON,Aon plc,Wikipedia: List of S&P 500 companies,2026-04-22
APA,APA Corporation,Wikipedia: List of S&P 500 companies,2026-04-22
APO,Apollo Global Management,Wikipedia: List of S&P 500 companies,2026-04-22
AAPL,Apple Inc.,Wikipedia: List of S&P 500 companies,2026-04-22
AMAT,Applied Materials,Wikipedia: List of S&P 500 companies,2026-04-22
APP,AppLovin,Wikipedia: List of S&P 500 companies,2026-04-22
APTV,Aptiv,Wikipedia: List of S&P 500 companies,2026-04-22
ACGL,Arch Capital Group,Wikipedia: List of S&P 500 companies,2026-04-22
ADM,Archer Daniels Midland,Wikipedia: List of S&P 500 companies,2026-04-22
ARES,Ares Management,Wikipedia: List of S&P 500 companies,2026-04-22
ANET,Arista Networks,Wikipedia: List of S&P 500 companies,2026-04-22
AJG,Arthur J. Gallagher & Co.,Wikipedia: List of S&P 500 companies,2026-04-22
AIZ,Assurant,Wikipedia: List of S&P 500 companies,2026-04-22
T,AT&T,Wikipedia: List of S&P 500 companies,2026-04-22
ATO,Atmos Energy,Wikipedia: List of S&P 500 companies,2026-04-22
ADSK,Autodesk,Wikipedia: List of S&P 500 companies,2026-04-22
ADP,Automatic Data Processing,Wikipedia: List of S&P 500 companies,2026-04-22
AZO,AutoZone,Wikipedia: List of S&P 500 companies,2026-04-22
AVB,AvalonBay Communities,Wikipedia: List of S&P 500 companies,2026-04-22
AVY,Avery Dennison,Wikipedia: List of S&P 500 companies,2026-04-22
AXON,Axon Enterprise,Wikipedia: List of S&P 500 companies,2026-04-22
BKR,Baker Hughes,Wikipedia: List of S&P 500 companies,2026-04-22
BALL,Ball Corporation,Wikipedia: List of S&P 500 companies,2026-04-22
BAC,Bank of America,Wikipedia: List of S&P 500 companies,2026-04-22
BAX,Baxter International,Wikipedia: List of S&P 500 companies,2026-04-22
BDX,Becton Dickinson,Wikipedia: List of S&P 500 companies,2026-04-22
BRK.B,Berkshire Hathaway,Wikipedia: List of S&P 500 companies,2026-04-22
BBY,Best Buy,Wikipedia: List of S&P 500 companies,2026-04-22
TECH,Bio-Techne,Wikipedia: List of S&P 500 companies,2026-04-22
BIIB,Biogen,Wikipedia: List of S&P 500 companies,2026-04-22
BLK,BlackRock,Wikipedia: List of S&P 500 companies,2026-04-22
BX,Blackstone Inc.,Wikipedia: List of S&P 500 companies,2026-04-22
XYZ,"Block, Inc.",Wikipedia: List of S&P 500 companies,2026-04-22
BK,BNY Mellon,Wikipedia: List of S&P 500 companies,2026-04-22
BA,Boeing,Wikipedia: List of S&P 500 companies,2026-04-22
BKNG,Booking Holdings,Wikipedia: List of S&P 500 companies,2026-04-22
BSX,Boston Scientific,Wikipedia: List of S&P 500 companies,2026-04-22
BMY,Bristol Myers Squibb,Wikipedia: List of S&P 500 companies,2026-04-22
AVGO,Broadcom,Wikipedia: List of S&P 500 companies,2026-04-22
BR,Broadridge Financial Solutions,Wikipedia: List of S&P 500 companies,2026-04-22
BRO,Brown & Brown,Wikipedia: List of S&P 500 companies,2026-04-22
BF.B,Brown–Forman,Wikipedia: List of S&P 500 companies,2026-04-22
BLDR,Builders FirstSource,Wikipedia: List of S&P 500 companies,2026-04-22
BG,Bunge Global,Wikipedia: List of S&P 500 companies,2026-04-22
BXP,"BXP, Inc.",Wikipedia: List of S&P 500 companies,2026-04-22
CHRW,C.H. Robinson,Wikipedia: List of S&P 500 companies,2026-04-22
CDNS,Cadence Design Systems,Wikipedia: List of S&P 500 companies,2026-04-22
CPT,Camden Property Trust,Wikipedia: List of S&P 500 companies,2026-04-22
CPB,Campbell's Company (The),Wikipedia: List of S&P 500 companies,2026-04-22
COF,Capital One,Wikipedia: List of S&P 500 companies,2026-04-22
CAH,Cardinal Health,Wikipedia: List of S&P 500 companies,2026-04-22
CCL,Carnival,Wikipedia: List of S&P 500 companies,2026-04-22
CARR,Carrier Global,Wikipedia: List of S&P 500 companies,2026-04-22
CVNA,Carvana,Wikipedia: List of S&P 500 companies,2026-04-22
CASY,Casey's,Wikipedia: List of S&P 500 companies,2026-04-22
CAT,Caterpillar Inc.,Wikipedia: List of S&P 500 companies,2026-04-22
CBOE,Cboe Global Markets,Wikipedia: List of S&P 500 companies,2026-04-22
CBRE,CBRE Group,Wikipedia: List of S&P 500 companies,2026-04-22
CDW,CDW Corporation,Wikipedia: List of S&P 500 companies,2026-04-22
COR,Cencora,Wikipedia: List of S&P 500 companies,2026-04-22
CNC,Centene Corporation,Wikipedia: List of S&P 500 companies,2026-04-22
CNP,CenterPoint Energy,Wikipedia: List of S&P 500 companies,2026-04-22
CF,CF Industries,Wikipedia: List of S&P 500 companies,2026-04-22
CRL,Charles River Laboratories,Wikipedia: List of S&P 500 companies,2026-04-22
SCHW,Charles Schwab Corporation,Wikipedia: List of S&P 500 companies,2026-04-22
CHTR,Charter Communications,Wikipedia: List of S&P 500 companies,2026-04-22
CVX,Chevron Corporation,Wikipedia: List of S&P 500 companies,2026-04-22
CMG,Chipotle Mexican Grill,Wikipedia: List of S&P 500 companies,2026-04-22
CB,Chubb Limited,Wikipedia: List of S&P 500 companies,2026-04-22
CHD,Church & Dwight,Wikipedia: List of S&P 500 companies,2026-04-22
CIEN,Ciena,Wikipedia: List of S&P 500 companies,2026-04-22
CI,Cigna,Wikipedia: List of S&P 500 companies,2026-04-22
CINF,Cincinnati Financial,Wikipedia: List of S&P 500 companies,2026-04-22
CTAS,Cintas,Wikipedia: List of S&P 500 companies,2026-04-22
CSCO,Cisco,Wikipedia: List of S&P 500 companies,2026-04-22
C,Citigroup,Wikipedia: List of S&P 500 companies,2026-04-22
CFG,Citizens Financial Group,Wikipedia: List of S&P 500 companies,2026-04-22
CLX,Clorox,Wikipedia: List of S&P 500 companies,2026-04-22
CME,CME Group,Wikipedia: List of S&P 500 companies,2026-04-22
CMS,CMS Energy,Wikipedia: List of S&P 500 companies,2026-04-22
KO,Coca-Cola Company (The),Wikipedia: List of S&P 500 companies,2026-04-22
CTSH,Cognizant,Wikipedia: List of S&P 500 companies,2026-04-22
COHR,Coherent Corp.,Wikipedia: List of S&P 500 companies,2026-04-22
COIN,Coinbase,Wikipedia: List of S&P 500 companies,2026-04-22
CL,Colgate-Palmolive,Wikipedia: List of S&P 500 companies,2026-04-22
CMCSA,Comcast,Wikipedia: List of S&P 500 companies,2026-04-22
FIX,Comfort Systems USA,Wikipedia: List of S&P 500 companies,2026-04-22
CAG,Conagra Brands,Wikipedia: List of S&P 500 companies,2026-04-22
COP,ConocoPhillips,Wikipedia: List of S&P 500 companies,2026-04-22
ED,Consolidated Edison,Wikipedia: List of S&P 500 companies,2026-04-22
STZ,Constellation Brands,Wikipedia: List of S&P 500 companies,2026-04-22
CEG,Constellation Energy,Wikipedia: List of S&P 500 companies,2026-04-22
COO,Cooper Companies (The),Wikipedia: List of S&P 500 companies,2026-04-22
CPRT,Copart,Wikipedia: List of S&P 500 companies,2026-04-22
GLW,Corning Inc.,Wikipedia: List of S&P 500 companies,2026-04-22
CPAY,Corpay,Wikipedia: List of S&P 500 companies,2026-04-22
CTVA,Corteva,Wikipedia: List of S&P 500 companies,2026-04-22
CSGP,CoStar Group,Wikipedia: List of S&P 500 companies,2026-04-22
COST,Costco,Wikipedia: List of S&P 500 companies,2026-04-22
CTRA,Coterra,Wikipedia: List of S&P 500 companies,2026-04-22
CRH,CRH plc,Wikipedia: List of S&P 500 companies,2026-04-22
CRWD,CrowdStrike,Wikipedia: List of S&P 500 companies,2026-04-22
CCI,Crown Castle,Wikipedia: List of S&P 500 companies,2026-04-22
CSX,CSX Corporation,Wikipedia: List of S&P 500 companies,2026-04-22
CMI,Cummins,Wikipedia: List of S&P 500 companies,2026-04-22
CVS,CVS Health,Wikipedia: List of S&P 500 companies,2026-04-22
DHR,Danaher Corporation,Wikipedia: List of S&P 500 companies,2026-04-22
DRI,Darden Restaurants,Wikipedia: List of S&P 500 companies,2026-04-22
DDOG,Datadog,Wikipedia: List of S&P 500 companies,2026-04-22
DVA,DaVita,Wikipedia: List of S&P 500 companies,2026-04-22
DECK,Deckers Brands,Wikipedia: List of S&P 500 companies,2026-04-22
DE,Deere & Company,Wikipedia: List of S&P 500 companies,2026-04-22
DELL,Dell Technologies,Wikipedia: List of S&P 500 companies,2026-04-22
DAL,Delta Air Lines,Wikipedia: List of S&P 500 companies,2026-04-22
DVN,Devon Energy,Wikipedia: List of S&P 500 companies,2026-04-22
DXCM,Dexcom,Wikipedia: List of S&P 500 companies,2026-04-22
FANG,Diamondback Energy,Wikipedia: List of S&P 500 companies,2026-04-22
DLR,Digital Realty,Wikipedia: List of S&P 500 companies,2026-04-22
DG,Dollar General,Wikipedia: List of S&P 500 companies,2026-04-22
DLTR,Dollar Tree,Wikipedia: List of S&P 500 companies,2026-04-22
D,Dominion Energy,Wikipedia: List of S&P 500 companies,2026-04-22
DPZ,Domino's,Wikipedia: List of S&P 500 companies,2026-04-22
DASH,DoorDash,Wikipedia: List of S&P 500 companies,2026-04-22
DOV,Dover Corporation,Wikipedia: List of S&P 500 companies,2026-04-22
DOW,Dow Inc.,Wikipedia: List of S&P 500 companies,2026-04-22
DHI,D. R. Horton,Wikipedia: List of S&P 500 companies,2026-04-22
DTE,DTE Energy,Wikipedia: List of S&P 500 companies,2026-04-22
DUK,Duke Energy,Wikipedia: List of S&P 500 companies,2026-04-22
DD,DuPont,Wikipedia: List of S&P 500 companies,2026-04-22
ETN,Eaton Corporation,Wikipedia: List of S&P 500 companies,2026-04-22
EBAY,eBay Inc.,Wikipedia: List of S&P 500 companies,2026-04-22
SATS,EchoStar,Wikipedia: List of S&P 500 companies,2026-04-22
ECL,Ecolab,Wikipedia: List of S&P 500 companies,2026-04-22
EIX,Edison International,Wikipedia: List of S&P 500 companies,2026-04-22
EW,Edwards Lifesciences,Wikipedia: List of S&P 500 companies,2026-04-22
EA,Electronic Arts,Wikipedia: List of S&P 500 companies,2026-04-22
ELV,Elevance Health,Wikipedia: List of S&P 500 companies,2026-04-22
EME,Emcor,Wikipedia: List of S&P 500 companies,2026-04-22
EMR,Emerson Electric,Wikipedia: List of S&P 500 companies,2026-04-22
ETR,Entergy,Wikipedia: List of S&P 500 companies,2026-04-22
EOG,EOG Resources,Wikipedia: List of S&P 500 companies,2026-04-22
EPAM,EPAM Systems,Wikipedia: List of S&P 500 companies,2026-04-22
EQT,EQT Corporation,Wikipedia: List of S&P 500 companies,2026-04-22
EFX,Equifax,Wikipedia: List of S&P 500 companies,2026-04-22
EQIX,Equinix,Wikipedia: List of S&P 500 companies,2026-04-22
EQR,Equity Residential,Wikipedia: List of S&P 500 companies,2026-04-22
ERIE,Erie Indemnity,Wikipedia: List of S&P 500 companies,2026-04-22
ESS,Essex Property Trust,Wikipedia: List of S&P 500 companies,2026-04-22
EL,Estée Lauder Companies (The),Wikipedia: List of S&P 500 companies,2026-04-22
EG,Everest Group,Wikipedia: List of S&P 500 companies,2026-04-22
EVRG,Evergy,Wikipedia: List of S&P 500 companies,2026-04-22
ES,Eversource Energy,Wikipedia: List of S&P 500 companies,2026-04-22
EXC,Exelon,Wikipedia: List of S&P 500 companies,2026-04-22
EXE,Expand Energy,Wikipedia: List of S&P 500 companies,2026-04-22
EXPE,Expedia Group,Wikipedia: List of S&P 500 companies,2026-04-22
EXPD,Expeditors International,Wikipedia: List of S&P 500 companies,2026-04-22
EXR,Extra Space Storage,Wikipedia: List of S&P 500 companies,2026-04-22
XOM,ExxonMobil,Wikipedia: List of S&P 500 companies,2026-04-22
FFIV,"F5, Inc.",Wikipedia: List of S&P 500 companies,2026-04-22
FDS,FactSet,Wikipedia: List of S&P 500 companies,2026-04-22
FICO,Fair Isaac,Wikipedia: List of S&P 500 companies,2026-04-22
FAST,Fastenal,Wikipedia: List of S&P 500 companies,2026-04-22
FRT,Federal Realty Investment Trust,Wikipedia: List of S&P 500 companies,2026-04-22
FDX,FedEx,Wikipedia: List of S&P 500 companies,2026-04-22
FIS,Fidelity National Information Services,Wikipedia: List of S&P 500 companies,2026-04-22
FITB,Fifth Third Bancorp,Wikipedia: List of S&P 500 companies,2026-04-22
FSLR,First Solar,Wikipedia: List of S&P 500 companies,2026-04-22
FE,FirstEnergy,Wikipedia: List of S&P 500 companies,2026-04-22
FISV,Fiserv,Wikipedia: List of S&P 500 companies,2026-04-22
F,Ford Motor Company,Wikipedia: List of S&P 500 companies,2026-04-22
FTNT,Fortinet,Wikipedia: List of S&P 500 companies,2026-04-22
FTV,Fortive,Wikipedia: List of S&P 500 companies,2026-04-22
FOXA,Fox Corporation (Class A),Wikipedia: List of S&P 500 companies,2026-04-22
FOX,Fox Corporation (Class B),Wikipedia: List of S&P 500 companies,2026-04-22
BEN,Franklin Resources,Wikipedia: List of S&P 500 companies,2026-04-22
FCX,Freeport-McMoRan,Wikipedia: List of S&P 500 companies,2026-04-22
GRMN,Garmin,Wikipedia: List of S&P 500 companies,2026-04-22
IT,Gartner,Wikipedia: List of S&P 500 companies,2026-04-22
GE,GE Aerospace,Wikipedia: List of S&P 500 companies,2026-04-22
GEHC,GE HealthCare,Wikipedia: List of S&P 500 companies,2026-04-22
GEV,GE Vernova,Wikipedia: List of S&P 500 companies,2026-04-22
GEN,Gen Digital,Wikipedia: List of S&P 500 companies,2026-04-22
GNRC,Generac,Wikipedia: List of S&P 500 companies,2026-04-22
GD,General Dynamics,Wikipedia: List of S&P 500 companies,2026-04-22
GIS,General Mills,Wikipedia: List of S&P 500 companies,2026-04-22
GM,General Motors,Wikipedia: List of S&P 500 companies,2026-04-22
GPC,Genuine Parts Company,Wikipedia: List of S&P 500 companies,2026-04-22
GILD,Gilead Sciences,Wikipedia: List of S&P 500 companies,2026-04-22
GPN,Global Payments,Wikipedia: List of S&P 500 companies,2026-04-22
GL,Globe Life,Wikipedia: List of S&P 500 companies,2026-04-22
GDDY,GoDaddy,Wikipedia: List of S&P 500 companies,2026-04-22
GS,Goldman Sachs,Wikipedia: List of S&P 500 companies,2026-04-22
HAL,Halliburton,Wikipedia: List of S&P 500 companies,2026-04-22
HIG,Hartford (The),Wikipedia: List of S&P 500 companies,2026-04-22
HAS,Hasbro,Wikipedia: List of S&P 500 companies,2026-04-22
HCA,HCA Healthcare,Wikipedia: List of S&P 500 companies,2026-04-22
DOC,Healthpeak Properties,Wikipedia: List of S&P 500 companies,2026-04-22
HSIC,Henry Schein,Wikipedia: List of S&P 500 companies,2026-04-22
HSY,Hershey Company (The),Wikipedia: List of S&P 500 companies,2026-04-22
HPE,Hewlett Packard Enterprise,Wikipedia: List of S&P 500 companies,2026-04-22
HLT,Hilton Worldwide,Wikipedia: List of S&P 500 companies,2026-04-22
HD,Home Depot (The),Wikipedia: List of S&P 500 companies,2026-04-22
HON,Honeywell,Wikipedia: List of S&P 500 companies,2026-04-22
HRL,Hormel Foods,Wikipedia: List of S&P 500 companies,2026-04-22
HST,Host Hotels & Resorts,Wikipedia: List of S&P 500 companies,2026-04-22
HWM,Howmet Aerospace,Wikipedia: List of S&P 500 companies,2026-04-22
HPQ,HP Inc.,Wikipedia: List of S&P 500 companies,2026-04-22
HUBB,Hubbell Incorporated,Wikipedia: List of S&P 500 companies,2026-04-22
HUM,Humana,Wikipedia: List of S&P 500 companies,2026-04-22
HBAN,Huntington Bancshares,Wikipedia: List of S&P 500 companies,2026-04-22
HII,Huntington Ingalls Industries,Wikipedia: List of S&P 500 companies,2026-04-22
IBM,IBM,Wikipedia: List of S&P 500 companies,2026-04-22
IEX,IDEX Corporation,Wikipedia: List of S&P 500 companies,2026-04-22
IDXX,Idexx Laboratories,Wikipedia: List of S&P 500 companies,2026-04-22
ITW,Illinois Tool Works,Wikipedia: List of S&P 500 companies,2026-04-22
INCY,Incyte,Wikipedia: List of S&P 500 companies,2026-04-22
IR,Ingersoll Rand,Wikipedia: List of S&P 500 companies,2026-04-22
PODD,Insulet Corporation,Wikipedia: List of S&P 500 companies,2026-04-22
INTC,Intel,Wikipedia: List of S&P 500 companies,2026-04-22
IBKR,Interactive Brokers,Wikipedia: List of S&P 500 companies,2026-04-22
ICE,Intercontinental Exchange,Wikipedia: List of S&P 500 companies,2026-04-22
IFF,International Flavors & Fragrances,Wikipedia: List of S&P 500 companies,2026-04-22
IP,International Paper,Wikipedia: List of S&P 500 companies,2026-04-22
INTU,Intuit,Wikipedia: List of S&P 500 companies,2026-04-22
ISRG,Intuitive Surgical,Wikipedia: List of S&P 500 companies,2026-04-22
IVZ,Invesco,Wikipedia: List of S&P 500 companies,2026-04-22
INVH,Invitation Homes,Wikipedia: List of S&P 500 companies,2026-04-22
IQV,IQVIA,Wikipedia: List of S&P 500 companies,2026-04-22
IRM,Iron Mountain,Wikipedia: List of S&P 500 companies,2026-04-22
JBHT,J.B. Hunt,Wikipedia: List of S&P 500 companies,2026-04-22
JBL,Jabil,Wikipedia: List of S&P 500 companies,2026-04-22
JKHY,Jack Henry & Associates,Wikipedia: List of S&P 500 companies,2026-04-22
J,Jacobs Solutions,Wikipedia: List of S&P 500 companies,2026-04-22
JNJ,Johnson & Johnson,Wikipedia: List of S&P 500 companies,2026-04-22
JCI,Johnson Controls,Wikipedia: List of S&P 500 companies,2026-04-22
JPM,JPMorgan Chase,Wikipedia: List of S&P 500 companies,2026-04-22
KVUE,Kenvue,Wikipedia: List of S&P 500 companies,2026-04-22
KDP,Keurig Dr Pepper,Wikipedia: List of S&P 500 companies,2026-04-22
KEY,KeyCorp,Wikipedia: List of S&P 500 companies,2026-04-22
KEYS,Keysight Technologies,Wikipedia: List of S&P 500 companies,2026-04-22
KMB,Kimberly-Clark,Wikipedia: List of S&P 500 companies,2026-04-22
KIM,Kimco Realty,Wikipedia: List of S&P 500 companies,2026-04-22
KMI,Kinder Morgan,Wikipedia: List of S&P 500 companies,2026-04-22
KKR,KKR & Co.,Wikipedia: List of S&P 500 companies,2026-04-22
KLAC,KLA Corporation,Wikipedia: List of S&P 500 companies,2026-04-22
KHC,Kraft Heinz,Wikipedia: List of S&P 500 companies,2026-04-22
KR,Kroger,Wikipedia: List of S&P 500 companies,2026-04-22
LHX,L3Harris,Wikipedia: List of S&P 500 companies,2026-04-22
LH,Labcorp,Wikipedia: List of S&P 500 companies,2026-04-22
LRCX,Lam Research,Wikipedia: List of S&P 500 companies,2026-04-22
LVS,Las Vegas Sands,Wikipedia: List of S&P 500 companies,2026-04-22
LDOS,Leidos,Wikipedia: List of S&P 500 companies,2026-04-22
LEN,Lennar,Wikipedia: List of S&P 500 companies,2026-04-22
LII,Lennox International,Wikipedia: List of S&P 500 companies,2026-04-22
LLY,Lilly (Eli),Wikipedia: List of S&P 500 companies,2026-04-22
LIN,Linde plc,Wikipedia: List of S&P 500 companies,2026-04-22
LYV,Live Nation Entertainment,Wikipedia: List of S&P 500 companies,2026-04-22
LMT,Lockheed Martin,Wikipedia: List of S&P 500 companies,2026-04-22
L,Loews Corporation,Wikipedia: List of S&P 500 companies,2026-04-22
LOW,Lowe's,Wikipedia: List of S&P 500 companies,2026-04-22
LULU,Lululemon Athletica,Wikipedia: List of S&P 500 companies,2026-04-22
LITE,Lumentum,Wikipedia: List of S&P 500 companies,2026-04-22
LYB,LyondellBasell,Wikipedia: List of S&P 500 companies,2026-04-22
MTB,M&T Bank,Wikipedia: List of S&P 500 companies,2026-04-22
MPC,Marathon Petroleum,Wikipedia: List of S&P 500 companies,2026-04-22
MAR,Marriott International,Wikipedia: List of S&P 500 companies,2026-04-22
MRSH,Marsh McLennan,Wikipedia: List of S&P 500 companies,2026-04-22
MLM,Martin Marietta Materials,Wikipedia: List of S&P 500 companies,2026-04-22
MAS,Masco,Wikipedia: List of S&P 500 companies,2026-04-22
MA,Mastercard,Wikipedia: List of S&P 500 companies,2026-04-22
MKC,McCormick & Company,Wikipedia: List of S&P 500 companies,2026-04-22
MCD,McDonald's,Wikipedia: List of S&P 500 companies,2026-04-22
MCK,McKesson Corporation,Wikipedia: List of S&P 500 companies,2026-04-22
MDT,Medtronic,Wikipedia: List of S&P 500 companies,2026-04-22
MRK,Merck & Co.,Wikipedia: List of S&P 500 companies,2026-04-22
META,Meta Platforms,Wikipedia: List of S&P 500 companies,2026-04-22
MET,MetLife,Wikipedia: List of S&P 500 companies,2026-04-22
MTD,Mettler Toledo,Wikipedia: List of S&P 500 companies,2026-04-22
MGM,MGM Resorts,Wikipedia: List of S&P 500 companies,2026-04-22
MCHP,Microchip Technology,Wikipedia: List of S&P 500 companies,2026-04-22
MU,Micron Technology,Wikipedia: List of S&P 500 companies,2026-04-22
MSFT,Microsoft,Wikipedia: List of S&P 500 companies,2026-04-22
MAA,Mid-America Apartment Communities,Wikipedia: List of S&P 500 companies,2026-04-22
MRNA,Moderna,Wikipedia: List of S&P 500 companies,2026-04-22
TAP,Molson Coors Beverage Company,Wikipedia: List of S&P 500 companies,2026-04-22
MDLZ,Mondelez International,Wikipedia: List of S&P 500 companies,2026-04-22
MPWR,Monolithic Power Systems,Wikipedia: List of S&P 500 companies,2026-04-22
MNST,Monster Beverage,Wikipedia: List of S&P 500 companies,2026-04-22
MCO,Moody's Corporation,Wikipedia: List of S&P 500 companies,2026-04-22
MS,Morgan Stanley,Wikipedia: List of S&P 500 companies,2026-04-22
MOS,Mosaic Company (The),Wikipedia: List of S&P 500 companies,2026-04-22
MSI,Motorola Solutions,Wikipedia: List of S&P 500 companies,2026-04-22
MSCI,MSCI Inc.,Wikipedia: List of S&P 500 companies,2026-04-22
NDAQ,"Nasdaq, Inc.",Wikipedia: List of S&P 500 companies,2026-04-22
NTAP,NetApp,Wikipedia: List of S&P 500 companies,2026-04-22
NFLX,Netflix,Wikipedia: List of S&P 500 companies,2026-04-22
NEM,Newmont,Wikipedia: List of S&P 500 companies,2026-04-22
NWSA,News Corp (Class A),Wikipedia: List of S&P 500 companies,2026-04-22
NWS,News Corp (Class B),Wikipedia: List of S&P 500 companies,2026-04-22
NEE,NextEra Energy,Wikipedia: List of S&P 500 companies,2026-04-22
NKE,"Nike, Inc.",Wikipedia: List of S&P 500 companies,2026-04-22
NI,NiSource,Wikipedia: List of S&P 500 companies,2026-04-22
NDSN,Nordson Corporation,Wikipedia: List of S&P 500 companies,2026-04-22
NSC,Norfolk Southern,Wikipedia: List of S&P 500 companies,2026-04-22
NTRS,Northern Trust,Wikipedia: List of S&P 500 companies,2026-04-22
NOC,Northrop Grumman,Wikipedia: List of S&P 500 companies,2026-04-22
NCLH,Norwegian Cruise Line Holdings,Wikipedia: List of S&P 500 companies,2026-04-22
NRG,NRG Energy,Wikipedia: List of S&P 500 companies,2026-04-22
NUE,Nucor,Wikipedia: List of S&P 500 companies,2026-04-22
NVDA,Nvidia,Wikipedia: List of S&P 500 companies,2026-04-22
NVR,"NVR, Inc.",Wikipedia: List of S&P 500 companies,2026-04-22
NXPI,NXP Semiconductors,Wikipedia: List of S&P 500 companies,2026-04-22
ORLY,O’Reilly Automotive,Wikipedia: List of S&P 500 companies,2026-04-22
OXY,Occidental Petroleum,Wikipedia: List of S&P 500 companies,2026-04-22
ODFL,Old Dominion,Wikipedia: List of S&P 500 companies,2026-04-22
OMC,Omnicom Group,Wikipedia: List of S&P 500 companies,2026-04-22
ON,ON Semiconductor,Wikipedia: List of S&P 500 companies,2026-04-22
OKE,Oneok,Wikipedia: List of S&P 500 companies,2026-04-22
ORCL,Oracle Corporation,Wikipedia: List of S&P 500 companies,2026-04-22
OTIS,Otis Worldwide,Wikipedia: List of S&P 500 companies,2026-04-22
PCAR,Paccar,Wikipedia: List of S&P 500 companies,2026-04-22
PKG,Packaging Corporation of America,Wikipedia: List of S&P 500 companies,2026-04-22
PLTR,Palantir Technologies,Wikipedia: List of S&P 500 companies,2026-04-22
PANW,Palo Alto Networks,Wikipedia: List of S&P 500 companies,2026-04-22
PSKY,Paramount Skydance Corporation,Wikipedia: List of S&P 500 companies,2026-04-22
PH,Parker Hannifin,Wikipedia: List of S&P 500 companies,2026-04-22
PAYX,Paychex,Wikipedia: List of S&P 500 companies,2026-04-22
PYPL,PayPal,Wikipedia: List of S&P 500 companies,2026-04-22
PNR,Pentair,Wikipedia: List of S&P 500 companies,2026-04-22
PEP,PepsiCo,Wikipedia: List of S&P 500 companies,2026-04-22
PFE,Pfizer,Wikipedia: List of S&P 500 companies,2026-04-22
PCG,PG&E Corporation,Wikipedia: List of S&P 500 companies,2026-04-22
PM,Philip Morris International,Wikipedia: List of S&P 500 companies,2026-04-22
PSX,Phillips 66,Wikipedia: List of S&P 500 companies,2026-04-22
PNW,Pinnacle West Capital,Wikipedia: List of S&P 500 companies,2026-04-22
PNC,PNC Financial Services,Wikipedia: List of S&P 500 companies,2026-04-22
POOL,Pool Corporation,Wikipedia: List of S&P 500 companies,2026-04-22
PPG,PPG Industries,Wikipedia: List of S&P 500 companies,2026-04-22
PPL,PPL Corporation,Wikipedia: List of S&P 500 companies,2026-04-22
PFG,Principal Financial Group,Wikipedia: List of S&P 500 companies,2026-04-22
PG,Procter & Gamble,Wikipedia: List of S&P 500 companies,2026-04-22
PGR,Progressive Corporation,Wikipedia: List of S&P 500 companies,2026-04-22
PLD,Prologis,Wikipedia: List of S&P 500 companies,2026-04-22
PRU,Prudential Financial,Wikipedia: List of S&P 500 companies,2026-04-22
PEG,Public Service Enterprise Group,Wikipedia: List of S&P 500 companies,2026-04-22
PTC,PTC Inc.,Wikipedia: List of S&P 500 companies,2026-04-22
PSA,Public Storage,Wikipedia: List of S&P 500 companies,2026-04-22
PHM,PulteGroup,Wikipedia: List of S&P 500 companies,2026-04-22
PWR,Quanta Services,Wikipedia: List of S&P 500 companies,2026-04-22
QCOM,Qualcomm,Wikipedia: List of S&P 500 companies,2026-04-22
DGX,Quest Diagnostics,Wikipedia: List of S&P 500 companies,2026-04-22
Q,Qnity Electronics,Wikipedia: List of S&P 500 companies,2026-04-22
RL,Ralph Lauren Corporation,Wikipedia: List of S&P 500 companies,2026-04-22
RJF,Raymond James Financial,Wikipedia: List of S&P 500 companies,2026-04-22
RTX,RTX Corporation,Wikipedia: List of S&P 500 companies,2026-04-22
O,Realty Income,Wikipedia: List of S&P 500 companies,2026-04-22
REG,Regency Centers,Wikipedia: List of S&P 500 companies,2026-04-22
REGN,Regeneron Pharmaceuticals,Wikipedia: List of S&P 500 companies,2026-04-22
RF,Regions Financial Corporation,Wikipedia: List of S&P 500 companies,2026-04-22
RSG,Republic Services,Wikipedia: List of S&P 500 companies,2026-04-22
RMD,ResMed,Wikipedia: List of S&P 500 companies,2026-04-22
RVTY,Revvity,Wikipedia: List of S&P 500 companies,2026-04-22
HOOD,Robinhood Markets,Wikipedia: List of S&P 500 companies,2026-04-22
ROK,Rockwell Automation,Wikipedia: List of S&P 500 companies,2026-04-22
ROL,"Rollins, Inc.",Wikipedia: List of S&P 500 companies,2026-04-22
ROP,Roper Technologies,Wikipedia: List of S&P 500 companies,2026-04-22
ROST,Ross Stores,Wikipedia: List of S&P 500 companies,2026-04-22
RCL,Royal Caribbean Group,Wikipedia: List of S&P 500 companies,2026-04-22
SPGI,S&P Global,Wikipedia: List of S&P 500 companies,2026-04-22
CRM,Salesforce,Wikipedia: List of S&P 500 companies,2026-04-22
SNDK,Sandisk,Wikipedia: List of S&P 500 companies,2026-04-22
SBAC,SBA Communications,Wikipedia: List of S&P 500 companies,2026-04-22
SLB,Schlumberger,Wikipedia: List of S&P 500 companies,2026-04-22
STX,Seagate Technology,Wikipedia: List of S&P 500 companies,2026-04-22
SRE,Sempra,Wikipedia: List of S&P 500 companies,2026-04-22
NOW,ServiceNow,Wikipedia: List of S&P 500 companies,2026-04-22
SHW,Sherwin-Williams,Wikipedia: List of S&P 500 companies,2026-04-22
SPG,Simon Property Group,Wikipedia: List of S&P 500 companies,2026-04-22
SWKS,Skyworks Solutions,Wikipedia: List of S&P 500 companies,2026-04-22
SJM,J.M. Smucker Company (The),Wikipedia: List of S&P 500 companies,2026-04-22
SW,Smurfit Westrock,Wikipedia: List of S&P 500 companies,2026-04-22
SNA,Snap-on,Wikipedia: List of S&P 500 companies,2026-04-22
SOLV,Solventum,Wikipedia: List of S&P 500 companies,2026-04-22
SO,Southern Company,Wikipedia: List of S&P 500 companies,2026-04-22
LUV,Southwest Airlines,Wikipedia: List of S&P 500 companies,2026-04-22
SWK,Stanley Black & Decker,Wikipedia: List of S&P 500 companies,2026-04-22
SBUX,Starbucks,Wikipedia: List of S&P 500 companies,2026-04-22
STT,State Street Corporation,Wikipedia: List of S&P 500 companies,2026-04-22
STLD,Steel Dynamics,Wikipedia: List of S&P 500 companies,2026-04-22
STE,Steris,Wikipedia: List of S&P 500 companies,2026-04-22
SYK,Stryker Corporation,Wikipedia: List of S&P 500 companies,2026-04-22
SMCI,Supermicro,Wikipedia: List of S&P 500 companies,2026-04-22
SYF,Synchrony Financial,Wikipedia: List of S&P 500 companies,2026-04-22
SNPS,Synopsys,Wikipedia: List of S&P 500 companies,2026-04-22
SYY,Sysco,Wikipedia: List of S&P 500 companies,2026-04-22
TMUS,T-Mobile US,Wikipedia: List of S&P 500 companies,2026-04-22
TROW,T. Rowe Price,Wikipedia: List of S&P 500 companies,2026-04-22
TTWO,Take-Two Interactive,Wikipedia: List of S&P 500 companies,2026-04-22
TPR,"Tapestry, Inc.",Wikipedia: List of S&P 500 companies,2026-04-22
TRGP,Targa Resources,Wikipedia: List of S&P 500 companies,2026-04-22
TGT,Target Corporation,Wikipedia: List of S&P 500 companies,2026-04-22
TEL,TE Connectivity,Wikipedia: List of S&P 500 companies,2026-04-22
TDY,Teledyne Technologies,Wikipedia: List of S&P 500 companies,2026-04-22
TER,Teradyne,Wikipedia: List of S&P 500 companies,2026-04-22
TSLA,"Tesla, Inc.",Wikipedia: List of S&P 500 companies,2026-04-22
TXN,Texas Instruments,Wikipedia: List of S&P 500 companies,2026-04-22
TPL,Texas Pacific Land Corporation,Wikipedia: List of S&P 500 companies,2026-04-22
TXT,Textron,Wikipedia: List of S&P 500 companies,2026-04-22
TMO,Thermo Fisher Scientific,Wikipedia: List of S&P 500 companies,2026-04-22
TJX,TJX Companies,Wikipedia: List of S&P 500 companies,2026-04-22
TKO,TKO Group Holdings,Wikipedia: List of S&P 500 companies,2026-04-22
TTD,Trade Desk (The),Wikipedia: List of S&P 500 companies,2026-04-22
TSCO,Tractor Supply,Wikipedia: List of S&P 500 companies,2026-04-22
TT,Trane Technologies,Wikipedia: List of S&P 500 companies,2026-04-22
TDG,TransDigm Group,Wikipedia: List of S&P 500 companies,2026-04-22
TRV,Travelers Companies (The),Wikipedia: List of S&P 500 companies,2026-04-22
TRMB,Trimble Inc.,Wikipedia: List of S&P 500 companies,2026-04-22
TFC,Truist Financial,Wikipedia: List of S&P 500 companies,2026-04-22
TYL,Tyler Technologies,Wikipedia: List of S&P 500 companies,2026-04-22
TSN,Tyson Foods,Wikipedia: List of S&P 500 companies,2026-04-22
USB,U.S. Bancorp,Wikipedia: List of S&P 500 companies,2026-04-22
UBER,Uber,Wikipedia: List of S&P 500 companies,2026-04-22
UDR,"UDR, Inc.",Wikipedia: List of S&P 500 companies,2026-04-22
ULTA,Ulta Beauty,Wikipedia: List of S&P 500 companies,2026-04-22
UNP,Union Pacific Corporation,Wikipedia: List of S&P 500 companies,2026-04-22
UAL,United Airlines Holdings,Wikipedia: List of S&P 500 companies,2026-04-22
UPS,United Parcel Service,Wikipedia: List of S&P 500 companies,2026-04-22
URI,United Rentals,Wikipedia: List of S&P 500 companies,2026-04-22
UNH,UnitedHealth Group,Wikipedia: List of S&P 500 companies,2026-04-22
UHS,Universal Health Services,Wikipedia: List of S&P 500 companies,2026-04-22
VLO,Valero Energy,Wikipedia: List of S&P 500 companies,2026-04-22
VTR,Ventas,Wikipedia: List of S&P 500 companies,2026-04-22
VLTO,Veralto,Wikipedia: List of S&P 500 companies,2026-04-22
VRSN,Verisign,Wikipedia: List of S&P 500 companies,2026-04-22
VRSK,Verisk Analytics,Wikipedia: List of S&P 500 companies,2026-04-22
VZ,Verizon,Wikipedia: List of S&P 500 companies,2026-04-22
VRTX,Vertex Pharmaceuticals,Wikipedia: List of S&P 500 companies,2026-04-22
VRT,Vertiv,Wikipedia: List of S&P 500 companies,2026-04-22
VTRS,Viatris,Wikipedia: List of S&P 500 companies,2026-04-22
VICI,Vici Properties,Wikipedia: List of S&P 500 companies,2026-04-22
V,Visa Inc.,Wikipedia: List of S&P 500 companies,2026-04-22
VST,Vistra Corp.,Wikipedia: List of S&P 500 companies,2026-04-22
VMC,Vulcan Materials Company,Wikipedia: List of S&P 500 companies,2026-04-22
WRB,W. R. Berkley Corporation,Wikipedia: List of S&P 500 companies,2026-04-22
GWW,W. W. Grainger,Wikipedia: List of S&P 500 companies,2026-04-22
WAB,Wabtec,Wikipedia: List of S&P 500 companies,2026-04-22
WMT,Walmart,Wikipedia: List of S&P 500 companies,2026-04-22
DIS,Walt Disney Company (The),Wikipedia: List of S&P 500 companies,2026-04-22
WBD,Warner Bros. Discovery,Wikipedia: List of S&P 500 companies,2026-04-22
WM,Waste Management,Wikipedia: List of S&P 500 companies,2026-04-22
WAT,Waters Corporation,Wikipedia: List of S&P 500 companies,2026-04-22
WEC,WEC Energy Group,Wikipedia: List of S&P 500 companies,2026-04-22
WFC,Wells Fargo,Wikipedia: List of S&P 500 companies,2026-04-22
WELL,Welltower,Wikipedia: List of S&P 500 companies,2026-04-22
WST,West Pharmaceutical Services,Wikipedia: List of S&P 500 companies,2026-04-22
WDC,Western Digital,Wikipedia: List of S&P 500 companies,2026-04-22
WY,Weyerhaeuser,Wikipedia: List of S&P 500 companies,2026-04-22
WSM,"Williams-Sonoma, Inc.",Wikipedia: List of S&P 500 companies,2026-04-22
WMB,Williams Companies,Wikipedia: List of S&P 500 companies,2026-04-22
WTW,Willis Towers Watson,Wikipedia: List of S&P 500 companies,2026-04-22
WDAY,"Workday, Inc.",Wikipedia: List of S&P 500 companies,2026-04-22
WYNN,Wynn Resorts,Wikipedia: List of S&P 500 companies,2026-04-22
XEL,Xcel Energy,Wikipedia: List of S&P 500 companies,2026-04-22
XYL,Xylem Inc.,Wikipedia: List of S&P 500 companies,2026-04-22
YUM,Yum! Brands,Wikipedia: List of S&P 500 companies,2026-04-22
ZBRA,Zebra Technologies,Wikipedia: List of S&P 500 companies,2026-04-22
ZBH,Zimmer Biomet,Wikipedia: List of S&P 500 companies,2026-04-22
ZTS,Zoetis,Wikipedia: List of S&P 500 companies,2026-04-22
